Year;Uge;Kort rente;Lang rente
2020;17;-0,34;1,31
2020;16;-0,33;1,34
2020;15;-0,33;1,37
2020;14;-0,29;1,35
2020;13;-0,22;1,54
2020;12;-0,44;1,46
2020;11;-0,7;1,14
2020;10;-0,69;1,12
2020;9;-0,63;1,13
2020;8;-0,61;1,15
2020;7;-0,59;1,18
2020;6;-0,59;1,17
2020;5;-0,6;1,18
2020;4;-0,62;1,22
2020;3;-0,61;1,24
2020;2;-0,62;1,24
2020;1;-0,59;1,26
2019;52;-0,6;1,3
2019;51;-0,59;1,33
2019;50;-0,59;1,33
2019;49;-0,6;1,34
2019;48;-0,61;1,32
2019;47;-0,61;1,33
2019;46;-0,61;1,34
2019;45;-0,62;1,33
2019;44;-0,63;1,32
2019;43;-0,66;1,33
2019;42;-0,68;1,32
2019;41;-0,71;1,28
2019;40;-0,7;1,29
2019;39;-0,73;1,36
2019;38;-0,69;1,4
2019;37;-0,73;1,4
2019;36;-0,75;1,39
2019;35;-0,75;1,4
2019;34;-0,74;1,43
2019;33;-0,73;1,44
2019;32;-0,7;1,46
2019;31;-0,67;1,5
2019;30;-0,7;1,53
2019;29;-0,68;1,57
2019;28;-0,68;1,57
2019;27;-0,66;1,56
2019;26;-0,65;1,59
2019;25;-0,65;1,63
2019;24;-0,61;1,65
2019;23;-0,59;1,67
2019;22;-0,6;1,7
2019;21;-0,58;1,71
2019;20;-0,58;1,73
2019;19;-0,56;1,74
2019;18;-0,56;1,77
2019;17;-0,55;1,78
2019;16;-0,55;1,8
2019;15;-0,55;1,78
2019;14;-0,53;1,78
2019;13;-0,5;1,77
2019;12;-0,5;1,83
2019;11;-0,51;1,86
2019;10;-0,5;1,91
2019;9;-0,5;1,91
2019;8;-0,5;1,91
2019;7;-0,48;1,93
2019;6;-0,46;1,96
2019;5;-0,44;2
2019;4;-0,47;2,01
2019;3;-0,45;2,03
2019;2;-0,44;2,04
2019;1;-0,44;2,04
2018;52;-0,45;2,07
2018;51;-0,46;2,06
2018;50;-0,49;2,08
2018;49;-0,49;2,07
2018;48;-0,5;2,08
2018;47;-0,48;2,09
2018;46;-0,5;2,09
2018;45;-0,49;2,11
2018;44;-0,5;2,09
2018;43;-0,53;2,1
2018;42;-0,53;2,11
2018;41;-0,51;2,12
2018;40;-0,51;2,09
2018;39;-0,5;2,09
2018;38;-0,5;2,08
2018;37;-0,52;2,08
2018;36;-0,5;2,06
2018;35;-0,5;2,08
2018;34;-0,47;2,07
2018;33;-0,49;2,07
2018;32;-0,5;2,08
2018;31;-0,49;2,1
2018;30;-0,53;2,09
2018;29;-0,52;2,07
2018;28;-0,51;2,06
2018;27;-0,51;2,06
2018;26;-0,44;2,07
2018;25;-0,48;2,1
2018;24;-0,54;2,14
2018;23;-0,55;2,12
2018;22;-0,52;2,09
2018;21;-0,5;2,13
2018;20;-0,48;2,17
2018;19;-0,5;2,18
2018;18;-0,55;2,13
2018;17;-0,52;2,17
2018;16;-0,55;2,11
2018;15;-0,55;2,09
2018;14;-0,54;2,08
2018;13;-0,38;2,14
2018;12;-0,52;2,17
2018;11;-0,54;2,2
2018;10;-0,47;2,29
2018;9;-0,57;2,33
2018;8;-0,67;2,4
2018;7;-0,45;2,39
2018;6;-0,47;2,26
2018;5;-0,61;2,17
2018;4;-0,61;2,12
2018;3;-0,61;2,08
2018;2;-0,59;2,05
2018;1;-0,52;2,05
2017;52;-0,53;2,07
2017;51;-0,52;2,05
2017;50;-0,54;2,03
2017;49;-0,61;2,04
2017;48;-0,59;2,06
2017;47;-0,54;2,07
2017;46;-0,54;2,1
2017;45;-0,62;2,08
2017;44;-0,52;2,11
2017;43;-0,8;2,15
2017;42;-0,59;2,12
2017;41;-0,65;2,12
2017;40;-0,6;2,12
2017;39;-0,6;2,15
2017;38;-0,6;2,15
2017;37;-0,56;2,15
2017;36;-0,59;2,16
2017;35;-0,65;2,34
2017;34;-0,61;2,34
2017;33;-0,63;2,47
2017;32;-0,63;2,47
2017;31;-0,58;2,18
2017;30;-0,5;2,21
2017;29;-0,55;2,2
2017;28;-0,51;2,23
2017;27;-0,51;2,21
2017;26;-0,46;2,38
2017;25;-0,6;2,17
2017;24;-0,52;2,36
2017;23;-0,57;2,32
2017;22;-0,54;2,38
2017;21;-0,53;2,28
2017;20;-0,46;2,61
2017;19;-0,53;2,27
2017;18;-0,53;2,22
2017;17;-0,49;2,32
2017;16;-0,6;2,51
2017;15;-0,59;2,18
2017;14;-0,55;2,18
2017;13;-0,43;2,38
2017;12;-0,56;2,34
2017;11;-0,66;2,41
2017;10;-0,57;2,29
2017;9;-0,53;2,32
2017;8;-0,53;2,41
2017;7;-0,6;2,31
2017;6;-0,45;2,59
2017;5;-0,45;2,46
2017;4;-0,41;2,45
2017;3;-0,61;2,39
2017;2;-0,47;2,36
2017;1;-0,4;2,26
2016;52;-0,33;2,39
2016;51;-0,37;2,47
2016;50;-0,34;2,56
2016;49;-0,35;2,54
2016;48;-0,37;2,52
2016;47;-0,32;2,46
2016;46;-0,3;2,65
2016;45;-0,32;2,28
2016;44;-0,27;2,27
2016;43;-0,45;2,48
2016;42;-0,48;2,18
2016;41;-0,66;2,17
2016;40;-0,37;2,11
2016;39;-0,34;2,27
2016;38;-0,3;2,48
2016;37;-0,43;2,43
2016;36;-0,44;2,2
2016;35;-0,6;2,37
2016;34;-0,48;2,13
2016;33;-0,52;2,56
2016;32;-0,47;2,43
2016;31;-0,52;2,27
2016;30;-0,33;2,31
2016;29;-0,37;2,44
2016;28;-0,4;2,45
2016;27;-0,46;2,26
2016;26;-0,48;2,41
2016;25;-0,37;2,68
2016;24;-0,32;2,57
2016;23;-0,3;2,75
2016;22;-0,23;2,65
2016;21;-0,24;2,78
2016;20;-0,32;2,7
2016;19;-0,28;2,79
2016;18;-0,24;2,59
2016;17;-0,28;2,84
2016;16;-0,2;2,63
2016;15;-0,19;2,66
2016;14;-0,17;2,56
2016;13;-0,03;2,74
2016;12;0,01;2,78
2016;11;-0,25;2,74
2016;10;-0,09;2,87
2016;9;-0,12;2,68
2016;8;-0,09;2,98
2016;7;0,01;3,03
2016;6;-0,1;2,83
2016;5;-0,16;2,7
2016;4;-0,03;2,95
2016;3;-0,16;3,09
2016;2;-0,03;2,88
2016;1;-0,1;2,95
2015;52;-0,13;3,17
2015;51;-0,07;2,97
2015;50;-0,29;2,84
2015;49;-0,12;2,94
2015;48;-0,19;2,89
2015;47;-0,09;3,15
2015;46;-0,04;2,71
2015;45;-0,09;3,16
2015;44;-0,04;2,74
2015;43;0,01;2,75
2015;42;-0,25;3,08
2015;41;0,13;2,98
2015;40;-0,03;3,09
2015;39;-0,02;3,18
2015;38;0;3,03
2015;37;-0,1;3,02
2015;36;-0,14;3,08
2015;35;-0,05;3,19
2015;34;-0,07;3,14
2015;33;-0,29;3,01
2015;32;-0,19;3,11
2015;31;-0,19;3,13
2015;30;-0,32;3,27
2015;29;-0,14;3,33
2015;28;-0,36;3,31
2015;27;-0,39;3,17
2015;26;-0,22;3,29
2015;25;-0,03;3,09
2015;24;-0,23;2,97
2015;23;-0,02;2,85
2015;22;-0,19;2,79
2015;21;-0,18;2,85
2015;20;-0,09;2,84
2015;19;-0,31;2,57
2015;18;-0,36;2,28
2015;17;-0,28;2,13
2015;16;-0,25;2,14
2015;15;-0,17;2,33
2015;14;-0,37;2,25
2015;13;-0,33;2,34
2015;12;-0,28;2,16
2015;11;-0,26;2,21
2015;10;-0,27;2,34
2015;9;-0,27;2,28
2015;8;-0,25;2,13
2015;7;-0,6;2,22
2015;6;-0,36;2,14
2015;5;0,02;2,34
2015;4;0,04;2,45
2015;3;0,16;2,53
2015;2;0,17;2,53
2015;1;0,18;2,64
2014;52;0,3;2,6
2014;51;0,23;2,61
2014;50;0,23;2,71
2014;49;0,23;2,64
2014;48;0,2;2,64
2014;47;0,17;2,66
2014;46;0,12;2,78
2014;45;0,12;2,72
2014;44;0,13;2,78
2014;43;0,16;2,76
2014;42;0,05;2,79
2014;41;0,11;2,8
2014;40;0,12;2,83
2014;39;0,12;2,88
2014;38;0,08;2,94
2014;37;0,07;2,93
2014;36;0,12;2,87
2014;35;0,17;2,92
2014;34;0,17;2,95
2014;33;0,21;2,97
2014;32;0,21;2,99
2014;31;0,16;3,03
2014;30;0,26;3,02
2014;29;0,16;3,03
2014;28;0,12;3,01
2014;27;0,24;3,04
2014;26;0,21;3,06
2014;25;0,2;3,09
2014;24;0,21;3,11
2014;23;0,15;3,12
2014;22;0,17;3,12
2014;21;0,18;3,12
2014;20;0,17;3,14
2014;19;0,23;3,19
2014;18;0,18;3,21
2014;17;0,19;3,22
2014;16;0,26;3,23
2014;15;0,43;3,24
2014;14;0,3;3,26
2014;13;0,22;3,35
2014;12;0,23;3,32
2014;11;0,17;3,34
2014;10;0,21;3,39
2014;9;0,19;3,43
2014;8;0,15;3,45
2014;7;0,15;3,5
2014;6;0,14;3,49
2014;5;0,25;3,56
2014;4;0,21;3,61
2014;3;0,26;3,62
2014;2;0,21;3,66
2014;1;0,15;3,64
2013;52;0,18;3,66
2013;51;0,2;3,56
2013;50;0,2;3,65
2013;49;0,18;3,58
2013;48;0,14;3,54
2013;47;0,19;3,55
2013;46;0,2;3,61
2013;45;0,2;3,59
2013;44;0,29;3,61
2013;43;0,27;3,67
2013;42;0,31;3,76
2013;41;0,27;3,7
2013;40;0,36;3,67
2013;39;0,24;3,78
2013;38;0,2;3,9
2013;37;0,32;3,9
2013;36;0,23;3,78
2013;35;0,22;3,74
2013;34;0,23;3,72
2013;33;0,22;3,59
2013;32;0,18;3,58
2013;31;0,17;3,55
2013;30;0,19;3,54
2013;29;0,24;3,5
2013;28;0,24;3,53
2013;27;0,28;3,41
2013;26;0,24;3,52
2013;25;0,19;3,37
2013;24;0,11;3,31
2013;23;0,16;3,22
2013;22;0,15;3,18
2013;21;0,14;3,11
2013;20;0,16;3,12
2013;19;0,19;3,12
2013;18;0,2;3,12
2013;17;0,21;3,17
2013;16;0,21;3,2
2013;15;0,24;3,25
2013;14;0,19;3,23
2013;13;0,36;3,36
2013;12;0,26;3,39
2013;11;0,29;3,42
2013;10;0,3;3,43
2013;9;0,26;3,47
2013;8;0,32;3,55
2013;7;0,31;3,49
2013;6;0,3;3,48
2013;5;0,4;3,47
2013;4;0,27;3,34
2013;3;0,21;3,28
2013;2;0,17;3,28
2013;1;0,21;3,28
2012;52;0,21;3,28
2012;51;0,21;3,32
2012;50;0,23;3,27
2012;49;0,26;3,37
2012;48;0,28;3,42
2012;47;0,3;3,47
2012;46;0,23;3,49
2012;45;0,31;3,51
2012;44;0,43;3,51
2012;43;0,3;3,58
2012;42;0,26;3,59
2012;41;0,3;3,53
2012;40;0,28;3,51
2012;39;0,36;3,54
2012;38;0,31;3,62
2012;37;0,18;3,54
2012;36;0,25;3,45
2012;35;0,22;3,46
2012;34;0,19;3,53
2012;33;0,19;3,55
2012;32;0,14;3,56
2012;31;0,16;3,53
2012;30;0,18;3,5
2012;29;0,18;3,51
2012;28;0,21;3,55
2012;27;0,32;3,62
2012;26;0,35;3,66
2012;25;0,35;3,61
2012;24;0,34;3,5
2012;23;0,38;3,51
2012;22;0,54;3,63
2012;21;0,56;3,68
2012;20;0,58;3,73
2012;19;0,61;3,82
2012;18;0,64;3,83
2012;17;0,64;3,86
2012;16;0,7;3,86
2012;15;0,79;3,9
2012;14;0,83;3,92
2012;13;0,76;3,94
2012;12;0,75;3,92
2012;11;0,77;3,9
2012;10;0,75;3,97
2012;9;0,73;3,97
2012;8;0,72;3,96
2012;7;0,73;3,98
2012;6;0,76;3,92
2012;5;0,74;3,99
2012;4;1,57;3,88
2012;3;0,68;4,06
2012;2;0,69;4,04
2012;1;0,73;4,1
2011;52;0,84;4,14
2011;51;1;4,19
2011;50;1,08;4,26
2011;49;1,11;4,3
2011;48;1,2;4,3
2011;47;1,18;4,28
2011;46;1,19;4,31
2011;45;1,31;4,35
2011;44;1,32;4,38
2011;43;1,23;4,36
2011;42;1,17;4,34
2011;41;0,96;4,26
2011;40;1,18;4,27
2011;39;1,03;4,24
2011;38;1,06;4,33
2011;37;1,12;4,35
2011;36;1,3;4,46
2011;35;1,3;4,4
2011;34;1,27;4,56
2011;33;1,24;4,85
2011;32;1,43;5,04
2011;31;1,56;5,03
2011;30;1,63;5,06
2011;29;1,6;5,09
2011;28;1,75;5,16
2011;27;1,67;5,11
2011;26;1,71;5,12
2011;25;1,68;5,08
2011;24;1,69;5,08
2011;23;1,62;5,07
2011;22;1,67;5,09
2011;21;1,74;5,14
2011;20;1,65;5,11
2011;19;1,91;5,22
2011;18;1,72;5,19
2011;17;1,77;5,23
2011;16;2,04;5,26
2011;15;1,98;5,06
2011;14;1,56;5,13
2011;13;1,6;5,14
2011;12;1,72;5,03
2011;11;1,61;5,17
2011;10;1,54;4,94
2011;9;1,51;5,09
2011;8;1,46;5,14
2011;7;1,5;4,94
2011;6;1,46;4,73
2011;5;1,25;4,62
2011;4;1,05;4,59
2011;3;1,59;4,57
2011;2;1,14;4,57
2011;1;1,32;4,6
2010;52;1,41;4,68
2010;51;1,56;4,8
2010;50;1,54;4,61
2010;49;1,59;4,53
2010;48;1,33;4,43
2010;47;1,44;4,37
2010;46;1,22;4,3
2010;45;1,47;4,29
2010;44;1,32;4,31
2010;43;1,44;4,26
2010;42;1,31;4,19
2010;41;1,47;4,18
2010;40;1,12;4,2
2010;39;1,36;4,24
2010;38;1,37;4,24
2010;37;1,24;4,18
2010;36;1,24;4,13
2010;35;1,24;4,12
2010;34;1,29;4,18
2010;33;1,37;4,25
2010;32;1,43;4,34
2010;31;1,45;4,39
2010;30;0,95;4,35
2010;29;0,95;4,35
2010;28;1,05;4,32
2010;27;1,07;4,32
2010;26;1;4,37
2010;25;0,93;4,38
2010;24;0,79;4,31
2010;23;0,87;4,31
2010;22;0,92;4,36
2010;21;0,99;4,46
2010;20;1,13;4,53
2010;19;1,17;4,55
2010;18;1,19;4,63
2010;17;1,22;4,68
2010;16;1,26;4,64
2010;15;1,32;4,75
2010;14;1,22;4,88
2010;13;1,25;4,68
2010;12;1,3;4,79
2010;11;1,34;4,85
2010;10;1,41;4,88
2010;9;1,44;4,95
2010;8;1,39;4,93
2010;7;1,42;5,02
2010;6;1,45;5,01
2010;5;1,49;5,08
2010;4;1,44;5,06
2010;3;1,55;5,12
2010;2;1,75;5,2
2010;1;1,75;5,2
2009;52;1,73;5,18
2009;51;1,78;5,17
2009;50;1,77;5,14
2009;49;1,68;5,2
2009;48;1,79;5,22
2009;47;1,86;5,26
2009;46;1,8;5,3
2009;45;1,7;5,28
2009;44;2,09;5,29
2009;43;1,47;5,25
2009;42;1,95;5,2
2009;41;1,85;5,19
2009;40;1,64;5,21
2009;39;1,97;5,25
2009;38;2,08;5,24
2009;37;2,07;5,24
2009;36;2,07;5,2
2009;35;2,07;5,2
2009;34;2,26;5,28
2009;33;2,15;5,29
2009;32;2,17;5,29
2009;31;2,09;5,35
2009;30;2,12;5,35
2009;29;2,15;5,34
2009;28;2,2;5,31
2009;27;2,23;5,38
2009;26;2,31;5,48
2009;25;2,4;5,53
2009;24;2,52;5,59
2009;23;2,46;5,43
2009;22;2,53;5,48
2009;21;2,54;5,46
2009;20;2,6;5,46
2009;19;2,76;5,48
2009;18;2,78;5,54
2009;17;2,9;5,48
2009;16;2,99;5,44
2009;15;2,99;5,55
2009;14;2,91;5,49
2009;13;3,01;5,61
2009;12;3,17;5,84
2009;11;3,2;6,01
2009;10;3,26;6,11
2009;9;3,53;6,23
2009;8;3,69;6,13
2009;7;3,77;6,15
2009;6;3,8;6,29
2009;5;3,86;6,35
2009;4;3,7;6,03
2009;3;3,82;6,18
2009;2;4,27;6,12
2009;1;4,36;6,5
2008;52;4,64;6,58
2008;51;4,91;6,62
2008;50;5,25;6,53
2008;49;5,13;6,6
2008;48;4,84;6,88
2008;47;4,83;7,03
2008;46;4,65;7,18
2008;45;4,9;7,25
2008;44;5,87;7,43
2008;43;5,51;7,37
2008;42;5,44;7,44
2008;41;5,19;7,19
2008;40;5,03;7,1
2008;39;5,11;7,06
2008;38;5,02;6,73
2008;37;5;6,49
2008;36;5,03;6,5
2008;35;5;6,6
2008;34;5;6,53
2008;33;5,11;6,73
2008;32;5,23;7,08
2008;31;5,25;7,09
2008;30;5,3;7,18
2008;29;5,27;7,14
2008;28;5,27;7,15
2008;27;5,36;7,12
2008;26;5,34;7,13
2008;25;5,42;6,62
2008;24;5,36;6,55
2008;23;5,12;6,4
2008;22;5,03;6,33
2008;21;4,93;6,28
2008;20;4,79;6,22
2008;19;4,76;6,2
2008;18;4,77;6,18
2008;17;4,77;6,15
2008;16;4,63;6,09
2008;15;4,6;6,06
2008;14;4,56;6,03
2008;13;4,49;5,93
2008;12;4,3;5,72
2008;11;4,27;5,73
2008;10;4,19;5,61
2008;9;4,22;5,67
2008;8;4,18;5,72
2008;7;4,11;5,59
2008;6;4,14;5,68
2008;5;4,28;5,77
2008;4;4,08;5,94
2008;3;4,45;6,01
2008;2;4,54;6,11
2008;1;4,6;5,73
2007;52;4,72;5,94
2007;51;4,75;5,95
2007;50;4,72;5,82
2007;49;4,48;5,63
2007;48;4,42;5,59
2007;47;4,39;5,64
2007;46;4,36;5,68
2007;45;4,46;5,79
2007;44;4,42;5,82
2007;43;4,54;5,95
2007;42;4,47;5,99
2007;41;4,55;6,02
2007;40;4,57;6,13
2007;39;4,6;6,11
2007;38;4,58;6,09
2007;37;4,59;6,11
2007;36;4,56;6,12
2007;35;4,51;6,13
2007;34;4,41;6,15
2007;33;4,45;6,15
2007;32;4,47;6,15
2007;31;4,46;6,16
2007;30;4,47;6,21
2007;29;4,48;6,23
2007;28;4,49;6,22
2007;27;4,53;6,21
2007;26;4,46;6,16
2007;25;4,44;6,11
2007;24;4,48;5,66
2007;23;4,45;5,56
2007;22;4,44;5,48
2007;21;4,41;5,43
2007;20;4,35;5,4
2007;19;4,36;5,34
2007;18;4,34;5,31
2007;17;4,3;5,32
2007;16;4,32;5,31
2007;15;4,33;5,29
2007;14;4,25;5,25
2007;13;4,25;5,24
2007;12;4,24;5,18
2007;11;4,2;5,2
2007;10;4,16;5,21
2007;9;4,18;5,22
2007;8;4,18;5,25
2007;7;4,16;5,25
2007;6;4,16;5,25
2007;5;4,1;5,28
2007;4;4,16;5,25
2007;3;4,18;5,24
2007;2;4,12;5,24
2007;1;4,13;5,22
2006;52;4,18;5,22
2006;51;4,13;5,2
2006;50;4,07;5,17
2006;49;4,03;5,16
2006;48;4,02;5,18
2006;47;3,97;5,18
2006;46;3,98;5,19
2006;45;3,97;5,13
2006;44;3,94;5,21
2006;43;3,83;5,26
2006;42;3,73;5,25
2006;41;3,73;5,23
2006;40;3,68;5,2
2006;39;3,63;5,17
2006;38;3,64;5,24
2006;37;3,58;5,26
2006;36;3,59;5,26
2006;35;3,56;5,26
2006;34;3,51;5,28
2006;33;3,48;5,34
2006;32;3,45;5,31
2006;31;3,47;5,34
2006;30;3,46;5,35
2006;29;3,4;5,39
2006;28;3,41;5,4
2006;27;3,43;5,43
2006;26;3,46;5,4
2006;25;3,43;5,34
2006;24;3,4;5,33
2006;23;3,44;5,35
2006;22;3,34;5,35
2006;21;3,29;5,32
2006;20;3,31;5,36
2006;19;3,29;5,37
2006;18;3,28;5,34
2006;17;3,27;5,28
2006;16;3,24;5,29
2006;15;3,21;5,26
2006;14;3,27;5,26
2006;13;3,26;5,05
2006;12;3,2;5,09
2006;11;3,15;5,02
2006;10;3,15;4,9
2006;9;3,11;4,7
2006;8;3,05;4,52
2006;7;2,93;4,52
2006;6;2,92;4,5
2006;5;2,92;4,5
2006;4;2,88;4,51
2006;3;2,86;4,37
2006;2;2,85;4,36
2006;1;2,9;4,4
2005;52;2,94;4,44
2005;51;2,93;4,47
2005;50;2,96;4,48
2005;49;2,9;4,5
2005;48;2,7;4,5
2005;47;2,68;4,59
2005;46;2,7;4,6
2005;45;2,68;4,6
2005;44;2,61;4,47
2005;43;2,42;4,36
2005;42;2,38;4,31
2005;41;2,32;4,27
2005;40;2,32;4,25
2005;39;2,3;4,25
2005;38;2,28;4,21
2005;37;2,25;4,23
2005;36;2,26;4,22
2005;35;2,23;4,25
2005;34;2,25;4,22
2005;33;2,16;4,26
2005;32;2,19;4,32
2005;31;2,2;4,29
2005;30;2,21;4,24
2005;29;2,22;4,26
2005;28;2,21;4,23
2005;27;2,19;4,21
2005;26;2,15;4,18
2005;25;2,16;4,2
2005;24;2,17;4,22
2005;23;2,17;4,17
2005;22;2,18;4,22
2005;21;2,22;4,24
2005;20;2,22;4,25
2005;19;2,21;4,28
2005;18;2,2;4,3
2005;17;2,23;4,36
2005;16;2,25;4,38
2005;15;2,29;4,4
2005;14;2,35;4,41
2005;13;2,36;4,5
2005;12;2,37;4,53
2005;11;2,33;4,52
2005;10;2,32;4,52
2005;9;2,36;4,52
2005;8;2,36;4,5
2005;7;2,34;4,38
2005;6;2,35;4,32
2005;5;2,35;4,43
2005;4;2,36;4,51
2005;3;2,38;4,47
2005;2;2,39;4,59
2005;1;2,46;4,54
2004;52;2,45;4,97
2004;51;2,41;5,02
2004;50;2,39;5,02
2004;49;2,41;5,1
2004;48;2,4;5,13
2004;47;2,41;5,15
2004;46;2,46;5,18
2004;45;2,46;5,22
2004;44;2,43;5,19
2004;43;2,38;5,18
2004;42;2,37;5,18
2004;41;2,38;5,23
2004;40;2,39;5,23
2004;39;2,39;5,22
2004;38;2,39;5,27
2004;37;2,4;5,3
2004;36;2,34;5,27
2004;35;2,31;5,29
2004;34;2,31;5,28
2004;33;2,31;5,28
2004;32;2,33;5,33
2004;31;2,42;5,42
2004;30;2,38;5,4
2004;29;2,34;5,39
2004;28;2,35;5,4
2004;27;2,41;5,48
2004;26;2,42;5,5
2004;25;2,44;5,53
2004;24;2,46;5,52
2004;23;2,37;5,52
2004;22;2,35;5,48
2004;21;2,34;5,48
2004;20;2,28;5,46
2004;19;2,3;5,31
2004;18;2,3;5,34
2004;17;2,26;5,33
2004;16;2,26;5,31
2004;15;2,22;5,27
2004;14;2,11;5,2
2004;13;2,1;5,18
2004;12;2,17;5,18
2004;11;2,19;5,18
2004;10;2,24;5,24
2004;9;2,23;5,25
2004;8;2,24;5,28
2004;7;2,28;5,3
2004;6;2,31;5,33
2004;5;2,31;5,35
2004;4;2,28;5,28
2004;3;2,31;5,33
2004;2;2,38;4,95
2004;1;2,43;5,44
2003;52;2,48;5,45
2003;51;2,5;5,45
2003;50;2,58;5,52
2003;49;2,69;5,54
2003;48;2,61;5,58
2003;47;2,52;5,48
2003;46;2,64;5,6
2003;45;2,61;5,59
2003;44;2,55;5,56
2003;43;2,44;5,54
2003;42;2,42;5,56
2003;41;2,37;5,52
2003;40;2,25;5,45
2003;39;2,25;5,46
2003;38;2,22;5,56
2003;37;2,32;5,6
2003;36;2,27;5,65
2003;35;2,28;5,57
2003;34;2,27;5,57
2003;33;2,28;5,52
2003;32;2,23;5,52
2003;31;2,2;5,48
2003;30;2,21;5,41
2003;29;2,21;5,36
2003;28;2,16;5,32
2003;27;2,14;5,3
2003;26;2,12;5,25
2003;25;2,1;5,19
2003;24;2,1;5,16
2003;23;2,19;5,23
2003;22;2,28;5,24
2003;21;2,33;5,25
2003;20;2,44;5,33
2003;19;2,47;5,38
2003;18;2,51;5,43
2003;17;2,57;5,47
2003;16;2,57;5,53
2003;15;2,52;5,51
2003;14;2,51;5,46
2003;13;2,62;5,49
2003;12;2,62;5,5
2003;11;2,53;5,29
2003;10;2,51;5,3
2003;9;2,59;5,33
2003;8;2,66;5,35
2003;7;2,72;5,38
2003;6;2,78;5,41
2003;5;2,85;5,46
2003;4;2,87;5,44
2003;3;2,92;5,52
2003;2;2,96;5,53
2003;1;2,98;5,56
2002;52;3,04;5,66
2002;51;3,06;5,67
2002;50;3,16;5,83
2002;49;3,28;6,02
2002;48;3,31;6,08
2002;47;3,28;6,06
2002;46;3,31;6,08
2002;45;3,42;6,16
2002;44;3,45;6,14
2002;43;3,5;6,2
2002;42;3,55;6,08
2002;41;3,37;5,94
2002;40;3,4;6,01
2002;39;3,49;6,04
2002;38;3,51;6,13
2002;37;3,59;6,24
2002;36;3,59;6,23
2002;35;3,68;6,06
2002;34;3,94;5,98
2002;33;3,71;5,92
2002;32;3,74;6,04
2002;31;3,8;6,2
2002;30;3,82;6,3
2002;29;3,91;6,33
2002;28;3,96;6,39
2002;27;3,95;6,37
2002;26;3,99;6,35
2002;25;3,99;6,41
2002;24;4,07;6,5
2002;23;4,08;6,52
2002;22;4,08;6,54
2002;21;4,1;6,56
2002;20;4,13;6,58
2002;19;4,06;6,56
2002;18;3,98;6,56
2002;17;4,04;6,58
2002;16;4,06;6,58
2002;15;4,09;6,58
2002;14;4,15;6,58
2002;13;4,17;6,61
2002;12;4,1;6,61
2002;11;4,1;6,61
2002;10;4;6,53
2002;9;3,95;6,46
2002;8;3,92;6,45
2002;7;3,95;6,44
2002;6;3,94;6,37
2002;5;4,03;6,43
2002;4;4,02;6,31
2002;3;3,9;6,32
2002;2;3,93;6,31
2002;1;3,85;6,37
2001;52;3,91;6,4
2001;51;3,84;6,35
2001;50;3,86;6,29
2001;49;3,82;6,12
2001;48;3,84;6,16
2001;47;3,84;6,04
2001;46;3,67;5,9
2001;45;3,6;5,97
2001;44;3,8;6,16
2001;43;3,88;6,29
2001;42;3,95;6,35
2001;41;3,92;6,37
2001;40;3,97;6,37
2001;39;4,1;6,58
2001;38;4,26;6,56
2001;37;4,57;6,57
2001;36;4,7;6,62
2001;35;4,72;6,67
2001;34;4,7;6,59
2001;33;4,73;6,7
2001;32;4,81;6,85
2001;31;4,85;7,07
2001;30;4,89;7,12
2001;29;4,94;7,16
2001;28;4,99;7,11
2001;27;4,97;7,09
2001;26;4,94;7,07
2001;25;4,99;7,14
2001;24;4,99;7,12
2001;23;4,97;7,18
2001;22;5,06;7,17
2001;21;5,09;7,12
2001;20;5,06;7,05
2001;19;5,23;6,98
2001;18;5,29;7,01
2001;17;5,21;6,93
2001;16;5,16;6,76
2001;15;4,92;6,63
2001;14;4,92;6,63
2001;13;4,91;6,62
2001;12;5,01;6,74
2001;11;5,1;6,83
2001;10;5,11;6,94
2001;9;5,09;7,16
2001;8;5,19;7,13
2001;7;5,13;7,13
2001;6;5,16;7,11
2001;5;5,14;7,25
2001;4;5,21;7,25
2001;3;5,16;7,25
2001;2;5,07;7,35
2001;1;5,17;7
2000;52;5,47;7,24
2000;51;5,46;7,28
2000;50;5,48;7,34
2000;49;5,58;7,28
2000;48;5,68;7,37
2000;47;5,72;7,34
2000;46;5,72;7,41
2000;45;5,74;7,5
2000;44;5,96;7,58
2000;43;5,92;7,71
2000;42;5,9;7,71
2000;41;5,83;7,81
2000;40;5,96;8,06
2000;39;6,23;8,04
2000;38;6,41;8,14
2000;37;6,26;8,05
2000;36;6,08;7,96
2000;35;6,12;7,99
2000;34;6,16;8,04
2000;33;6,15;7,93
2000;32;6,15;8,07
2000;31;6,23;8,09
2000;30;6,33;8,1
2000;29;6,38;8,15
2000;28;6,34;8,18
2000;27;6,07;7,59
2000;26;5,94;7,63
2000;25;5,87;7,57
2000;24;5,85;7,53
2000;23;5,7;7,52
2000;22;5,54;7,53
2000;21;5,59;7,53
2000;20;5,55;7,58
2000;19;5,36;7,44
2000;18;5,31;7,4
2000;17;5,2;7,32
2000;16;4,89;7,22
2000;15;4,81;7,16
2000;14;4,8;7,22
2000;13;4,82;7,24
2000;12;4,79;7,25
2000;11;4,81;7,26
2000;10;4,73;7,32
2000;9;4,72;7,4
2000;8;4,69;7,33
2000;7;4,63;7,45
2000;6;4,63;7,41
2000;5;4,52;7,53
2000;4;4,47;7,66
2000;3;4,44;7,61
2000;2;4,42;7,54
2000;1;4,46;7,5
1999;52;4,35;7,37
1999;51;4,35;7,44
1999;50;4,31;7,23
1999;49;4,32;7,36
1999;48;4,34;7,52
1999;47;4,3;7,51
1999;46;4,21;7,55
1999;45;4,18;7,43
1999;44;4,28;7,58
1999;43;4,25;7,82
1999;42;4,21;7,89
1999;41;4,13;7,83
1999;40;4,05;7,9
1999;39;3,75;8,02
1999;38;3,82;8,08
1999;37;3,85;8,11
1999;36;3,77;8,12
1999;35;3,91;7,77
1999;34;3,7;7,82
1999;33;3,77;8,11
1999;32;3,9;8,11
1999;31;3,62;7,4
1999;30;3,57;7,18
1999;29;3,61;7,14
1999;28;3,5;7,11
1999;27;3,47;6,78
1999;26;3,37;6,59
1999;25;3,44;6,57
1999;24;3,42;6,49
1999;23;3,42;6,49
1999;22;3,37;6,4
1999;21;3,41;6,29
1999;20;3,41;6,24
1999;19;3,28;6,14
1999;18;3,16;6,01
1999;17;3,19;6,03
1999;16;3,13;6,05
1999;15;3,16;6,08
1999;14;3,36;6,02
1999;13;3,48;6,11
1999;12;3,48;6,19
1999;11;3,54;6,22
1999;10;3,59;6,29
1999;9;3,64;6,3
1999;8;3,62;6,08
1999;7;3,65;6,06
1999;6;3,65;6
1999;5;3,61;5,97
1999;4;3,64;5,98
1999;3;3,76;5,95
1999;2;3,74;5,91
1999;1;3,88;5,97
1998;52;4,08;6,22
1998;51;4,08;6,34
1998;50;4,09;6,31
1998;49;4,17;6,36
1998;48;4,18;6,39
1998;47;4,25;6,45
1998;46;4,26;6,58
1998;45;4,4;6,58
1998;44;5,04;6,68
1998;43;4,48;6,74
1998;42;4,62;6,79
1998;41;4,84;6,63
1998;40;4,77;6,47
1998;39;5,51;6,75
1998;38;4,64;6,35
1998;37;4,56;6,33
1998;36;4,46;6,38
1998;35;4,45;6,3
1998;34;4,28;6,21
1998;33;3,33;6,17
1998;32;4,31;6,23
1998;31;4,3;6,27
1998;30;4,25;6,31
1998;29;4,35;6,32
1998;28;4,21;6,3
1998;27;4,18;6,34
1998;26;4,18;6,37
1998;25;4,16;6,39
1998;24;4,24;6,39
1998;23;4,32;6,42
1998;22;4,62;6,49
1998;21;4,67;6,55
1998;20;4,73;6,56
1998;19;4,46;6,55
1998;18;4,32;6,57
1998;17;4,32;6,47
1998;16;4,32;6,44
1998;15;4,18;6,47
1998;14;4,19;6,62
1998;13;4,14;6,59
1998;12;4,12;6,54
1998;11;4,13;6,55
1998;10;4,11;6,65
1998;9;4,14;6,7
1998;8;4,09;6,65
1998;7;4,15;6,84
1998;6;4,16;6,89
1998;5;4,17;6,9
1998;4;4,18;6,83
1998;3;4,13;6,9
1998;2;4,3;7
1998;1;4,36;7,14